442064fe-0620-4539-9774-2563ed69525f,515
9df80c6f-3696-4a36-9730-565ae9ce5485,338
9e5eb601-2a54-4376-82c7-50abc7ad14f6,121
38d2dc1d-5632-4b2c-82d2-bdd0dc854bf1,791
74564ed3-c3d3-42c9-81dc-9be57a6e2831,220
7c1a5bee-97a9-452a-ae42-9b138cb213ad,195
8af278d6-70f4-438a-80d1-cfae2ed7641a,564
22155851-3838-47d8-a625-0dbe2cee1af6,93
545272d6-75b6-40ee-abd9-b7d321608fd7,980
60f0da4e-d4b1-4818-ae15-4fa75939f9e8,389
7fd4d293-ad54-493a-92ab-025a2e6ae376,251
a021a0b5-f6c7-4e49-996c-99e8242b1e36,449
b4c95326-d306-4acc-835c-1ca4bdc52415,296
977d2490-70fe-490d-a104-1b72016b7bf6,24
f8a705ca-5762-4955-9f54-dcbf76a300d9,732
aaf3d8c2-81c8-4be4-874c-30c62fc31b88,747
cf83ea86-f62b-4d4c-b1c4-224cdc59dd0c,261
ebe25a1b-8f20-4795-a64c-b971cc796d3a,452
a93a3030-0da8-4ea9-bcc4-ec1e2845b87a,330
615ac7fd-0e34-43ec-b8c3-3c9db4292e89,723
319b69f4-f63c-438d-b100-c46fa18d034c,643
7159892d-ace0-4346-a9c6-9159162e126d,925
43d1b99c-dab6-4118-95de-9f2616daf0f7,85
6ac89361-649a-4df6-b730-212cee78010a,23
234ae9ee-5034-491e-bd8b-fa8bb4ef1c65,479
1c618a96-a842-463b-a7cd-4f913688e52a,198
dea2a353-6cd3-43a6-be07-ad34a6463f9f,406
bfc062bb-5b2c-46ab-bf16-9977332eb4cc,613
9e10e0c4-0e1f-4483-b485-60ffbc02b457,554
eabef80a-36c7-474a-b973-30a83af81fd7,411
c8abdb9b-7a52-471f-bd8f-9ae365f7f9bc,409
731ab4d6-2f7c-4edb-80c1-9e9a2bf69e4c,918
83da95d2-6172-4997-8b90-80420c7ac425,175
c8de126e-f65e-42a0-b2a0-7590915adc19,512
b45d7484-56ca-4974-8523-6e354780fa20,616
89f03a54-eeff-43e6-aa0d-7b51fc58dc35,784
23ed8fba-0903-4573-b0de-f8086ee37f2c,933
8633a6df-2953-4c8a-9d2d-561a6088b75e,649
f6545be8-b1df-42c2-99bd-6d2bdd3feb00,632
c75cd3ee-31b5-4942-8bac-1bf505ee7093,490
443cc836-436a-4196-b014-db32f467a636,669
f7cc29ae-bf8c-4643-b28c-e406c1ce8251,958
9b1897e7-bdf0-4b30-a759-fc0449034bce,972
d46b76b2-7879-4a3e-b3d4-237bc968e85e,159
07fcbd34-4e93-4e04-942e-6d3f1fe7cfc1,307
e33a1e76-f244-4305-9d50-487a7c6b27f3,648
7790331c-00b2-4ee5-bbca-ccadde9cbfee,89
3c3027cb-e06f-4505-837b-3994b4d41ab9,8
0269a5bc-699b-4a05-8958-389065a5c33f,255
66534180-7dff-4abd-9789-c94d5fa19c57,607
67ea99a2-0db1-4154-81c9-5976e0b0208f,714
562198cb-f46d-467b-ad1f-77b039cc9a83,637
3e17c956-8c0c-4d58-8905-016a156620ba,121
72569a2f-f51f-46c3-8730-c3fd351dcf0c,993
44dc3758-5218-4af0-ae56-ae0c06aadee9,885
27107f33-b328-4f0f-8749-243662b156e9,437
3f151fdf-132a-4fde-bfbe-aebb9a8a4bd8,230
acc84644-e04f-49c8-a191-05708d89457a,509
5e256d79-ba89-46c0-ae10-67fa206c4275,663
2272b452-48d0-43f6-8d0b-793960a017ac,221
65ce2240-7cfa-44f9-aa95-d52a1476ce6a,74
e102a9df-1c63-46cd-9a8c-dc1fe0fafe4d,640
010bbaac-e2a8-4684-a1a7-57f916c541e4,296
01f10c89-c844-4e62-913c-107ac75fbfd4,576
aeda161d-5648-4b04-ab5f-4b70cb89abbc,69
92df73b1-e0c6-49d7-b3a6-0a919005fa33,612
b79656ab-383e-4116-90b3-90c88e05cd82,388
4a59f132-e57c-449c-bb2a-64bafc28a043,421
7e81c20a-a016-4214-97fd-32183392db65,436
78c28705-1ec2-46a4-9773-75cfb2ce5e07,95
dcc5df57-0752-49b6-9ad9-3146d51f5f08,87
d8368b97-6a53-4542-aabb-caa5d14ce3f4,89
11b0f195-7638-4dfa-9b04-81cc80cf2eb2,364
b5941797-0f6b-408a-82a5-cf02c540aa66,902
7be4ff2e-43ff-4d93-9413-a5180fac7e2a,298
a61c07dc-c49b-4044-88a2-ba32ea008dc2,822
3b61e92f-8176-4e1e-a995-b7e56982ab23,709
a75bc629-61cf-4fcb-9224-708545c9e9eb,103
9caca22a-25a2-4f2e-a002-a98b114fa89a,435
f99f801e-f09f-45c9-8e8b-2da0338b620d,870
164707d6-71c0-4539-a43a-966a262d2d00,851
b0e5dce3-ea83-44ad-a40d-6f0b7da01176,702
47ceba6b-a891-41a7-96e6-c46ac9223271,852
b4dc7934-0561-4e2d-bc96-9e6331ce0415,98
82ad8a19-0f16-4ebc-9e58-cad37b15c868,266
38c9b28c-3a88-45de-a87f-db85330e57ac,493
a6cc0160-f00b-4ff4-8b15-61eceb2bc5f2,910
8306083f-b977-4b19-a8c9-abd73bae3236,612
7e4e2aa9-ddd6-497a-a0cc-f4ad77a7cf6e,564
42ff3bf8-f3d5-418d-a165-25f7d663a2ce,406
c5c467df-827c-443d-a6f7-78a9f0f4d200,424
d35998ec-bf66-4175-be19-bce9e4aea1b3,226
aeb77f40-f052-4fd0-b850-adcc6a7d7bca,598
41a43cfe-9bbf-43f9-b303-e45d52e36eb6,543
93c5e7f5-c575-424f-b00b-26d37b77291f,987
785f036b-5c35-48e2-b4d1-e1bc95ba0593,140
34dc8f63-10d9-4115-b6a7-ef50145152e3,379
d856958c-ec0b-433f-899b-5ac7e11c17dd,590
61f951a6-7bd6-4d8d-ad94-d0f00431419f,781
577f7370-96a5-45be-b7a0-d1ea36ea2968,359
e92f4554-c250-4b35-b611-5bcae3f3175b,60
a6b43c17-1adf-46a6-a3ef-981395add01e,167
7eb42c0a-5c9a-497d-87ab-44cbe8d36a0e,676
eb7e3522-b779-4c2e-89c3-689e3c8d8ecf,929
4c2c2985-abde-4d8c-a94d-9b8b032ffd89,865
155b82a0-e801-4782-b6ac-a2fa948e0935,164
1c23eb77-b589-4ef5-924b-46b1dc0d9e4f,358
17c01ff5-384f-40cd-ae80-c253004b84af,89
363ead19-9180-411c-b339-50333a49cd0f,963
fe79dd90-494c-438f-8352-210e347ffcff,926
fb0a3511-48c1-4332-8c7c-33f46ae09971,942
3450b1e3-f847-450c-a8f1-70467595b2b7,147
fb9fdc4f-9e7e-4608-8448-77c9d22b54cd,800
b37b3abf-41ff-4357-9970-590d1d98d8cf,600
1b5c5b12-480d-4ada-bc8e-01a031782b06,632
9350bd12-8704-4c7a-8bb7-ff4c3b40c872,641
324e6791-fe5d-478d-837e-eb3dea9491d9,253
2c4a6068-0c7f-412e-9531-a38640efa5dd,982
ed25d1ca-1ab7-4df2-b052-2a61ee971ffa,318
9c99d850-b97b-452f-beb1-a6d4bb223ed6,233
0c0abaab-f923-4144-b4e6-a15fc2099605,358
8adfa4f0-5f41-419c-b30a-242544be3a31,958
16a8de61-1016-474e-bfb0-63ceca7e3a48,187
0a754dd9-d149-476b-959b-532633432b89,899
